shapeid,partid,x,y
"0","0",-8.67555335587982,41.2333990976556
